disclosed_date,disclosed_time,code,company,title,pdf_url,meeting_date,meeting_time,venue_name,address,online_only,is_correction,status,raw_datetime,raw_place
2026-09-03,16:40,6573,Ｇ－ＣＲＡＶＩＡ,臨時株主総会開催日及び付議議案の決定並びに定款の一部変更に関するお知らせ,https://www.release.tdnet.info/inbs/140120260901530293.pdf,2026-10-15,10:00,西新橋1丁目ビル,東京都港区西新橋1-24-14,False,False,ok,2026年10月15日(木曜日) 午前10時(受付開始午前9時30分)  場所 : 東京都港区西新橋1-24-14 西,東京都港区西新橋1-24-14 西新橋1丁目ビル(事務所2階) TKP虎ノ門カンファレンスセンターカンファレンスルーム2F
2026-09-07,15:30,8141,新光商,臨時株主総会の開催並びに株式併合、単元株式数の定めの廃止及び定款の一部変更に関するお知らせ,https://www.release.tdnet.info/inbs/140120260907532299.pdf,2026-10-09,10:00,アートヴィレッジ大崎セントラルタワー13階,東京都品川区大崎一丁目2番2号,False,False,ok,2026年10月9日(金曜日)午前10時(受付開始:午前9時),東京都品川区大崎一丁目2番2号 アートヴィレッジ大崎セントラルタワー13階
2026-09-09,15:30,544A,ＧＭＳグループ,臨時株主総会招集のための基準日設定及び臨時株主総会の開催に関するお知らせ,https://www.release.tdnet.info/inbs/140120260904531502.pdf,2026-11-25,,三菱ビル10F コンファレンススクエアM+ グランド,東京都千代田区丸の内2丁目5-2,False,False,ok,2026年11月25日(水曜日),東京都千代田区丸の内2丁目5-2 三菱ビル10F コンファレンススクエアM+ グランド
2026-09-11,15:30,3923,ラクス,臨時株主総会招集のための基準日設定及び臨時株主総会の開催並びに定款の一部変更に関するお知らせ,https://www.release.tdnet.info/inbs/140120260911534956.pdf,2026-11-18,10:00,新宿マインズタワー 27階 MTG-M,東京都渋谷区代々木二丁目1番1号,False,False,ok,2026年11月18日(水)午前10時,東京都渋谷区代々木二丁目1番1号新宿マインズタワー 27階 MTG-M
2026-09-11,15:31,3932,アカツキ,臨時株主総会の開催日時、開催場所及び付議議案に関するお知らせ,https://www.release.tdnet.info/inbs/140120260910534060.pdf,2026-10-30,10:00,oak meguro 8階 当社イベントスペース,東京都品川区上大崎二丁目13番30号,False,False,ok,2026年10月30日午前10時,東京都品川区上大崎二丁目13番30号 oak meguro 8階 当社イベントスペース
2026-09-11,16:30,3787,テクノマセマ,臨時株主総会招集のための基準日設定及び臨時株主総会の開催に関するお知らせ,https://www.release.tdnet.info/inbs/140120260911534771.pdf,2026-11-12,,ホテルマイステイズ五反田駅前 2階ルーチェ,東京都品川区西五反田二丁目6番8号,False,False,ok,2026年11月12日(木曜日),東京都品川区西五反田二丁目6番8号 ホテルマイステイズ五反田駅前 2階ルーチェ
2026-09-11,20:45,3350,メタプラネット,臨時株主総会の開催並びに資本金、資本準備金の額の減少及び剰余金の処分に関するお知らせ,https://www.release.tdnet.info/inbs/140120260911535286.pdf,2026-12-18,10:00,,,True,False,online_only,2026年12月18日(金)午前10時00分 (2)開催方法,
2026-09-14,15:30,9399,ビート,臨時株主総会（開催日時、場所及び議案）に関するお知らせ,https://www.release.tdnet.info/inbs/140120260914535598.pdf,2026-11-24,10:00,ホテルアジア会館、2階「会議室A」,東京都港区赤坂8-10-32,False,False,ok,2026年11月24日(火曜日)午前10時(東京時間),東京都港区赤坂8-10-32、ホテルアジア会館、2階「会議室A」
2026-09-17,10:15,7523,アールビバン,株式併合並びに単元株式数の定めの廃止及び定款の一部変更に関する 臨時株主総会開催のお知らせ,https://www.release.tdnet.info/inbs/140120260917537621.pdf,2026-10-20,10:00,グラスキューブ品川 13F アールビバン株式会社本社会議室,東京都品川区東品川四丁目13番14号,False,False,ok,2026年 10月 20日(火曜日)午前 10時,東京都品川区東品川四丁目13番14号 グラスキューブ品川 13F アールビバン株式会社本社会議室
2026-09-24,15:30,8334,群馬銀,臨時株主総会の開催及び付議議案の決定並びに定款の一部変更に関するお知らせ,https://www.release.tdnet.info/inbs/140120260917537889.pdf,2026-12-23,10:00,当行本店3階大会議室,群馬県前橋市元総社町194番地,False,False,ok,2026年12月23日(水) 午前10時,群馬県前橋市元総社町194番地当行本店3階大会議室
2026-09-30,15:30,6332,月島ＨＤ,臨時株主総会招集のための基準日設定及び臨時株主総会の開催並びに定款の一部変更及び譲渡制限付株式報酬制度の改定に関するお知らせ,https://www.release.tdnet.info/inbs/140120260929542415.pdf,2026-12-04,14:00,ホテルマリナーズコート東京 4階白鳳,東京都中央区晴海4丁目7-28,False,False,ok,2026年 12月4日(金曜日)14時 00分,東京都中央区晴海4丁目7-28 ホテルマリナーズコート東京 4階白鳳
2026-09-30,15:30,8331,千葉銀,臨時株主総会の開催及び定款一部変更に関するお知らせ,https://www.release.tdnet.info/inbs/140120260929541675.pdf,2026-12-23,10:00,当行本店3階大ホール,千葉市中央区千葉港1番2号,False,False,ok,2026年12月23日(水)午前10時(予定),千葉市中央区千葉港1番2号 当行本店3階大ホール(予定)
2026-09-30,18:00,4069,Ｇ－ＢｌｕｅＭｅｍｅ,第20期定時株主総会の継続会の開催日等に関するお知らせ,https://www.release.tdnet.info/inbs/140120260930543602.pdf,2026-10-30,10:00,錦町トラッドスクエア10F 株式会社 BlueMeme 東京本社会議室「Gaudi」,東京都千代田区神田錦町3-20,False,False,ok,2026年10月30日(金曜日)午前10時,東京都千代田区神田錦町3-20 錦町トラッドスクエア10F 株式会社 BlueMeme 東京本社会議室「Gaudi」 (※本総会とは場所が異なりますのでご注意ください。)
2026-10-05,08:55,9235,Ｇ－売れるネットＧ,「第17回定時株主総会招集ご通知」の一部訂正に関するお知らせ,https://www.release.tdnet.info/inbs/140120261005545641.pdf,,,,,False,True,not_found,,
